word	sentiment
OMEGALUL	1
kekw	1
LUL	1
<3	1
::	0
pogu	1
catjam	1
LULW	1
Clap	1
PogChamp	1
lol	1
sadge	-1
monkaw	1
EZ	1
Pog	1
pepelaugh	1
NotLikeThis	-1
lmao	1
BibleThump	-1
xqcl	0
ranboolove	1
Kappa	0
D:	-1
wtf	-1
pagman	0
TriHard	1
lma\1\1	0
Kreygasm	1
modcheck	0
TombRaid	0
pog	1
WutFace	0
feelsstrongman	1
peped	1
pepega	0
n\1\1	0
gg	1
forsenPls	1
KomodoHype	1
ppoverheat	-1
POGGERS	1
booba	0
AYAYA	1
alienpls3	0
sub	0
weirdchamp	0
eu	0
gachihyper	0
people	0
yo	0
CurseLit	0
sykheart	0
pogo	0
tridance	0
ResidentSleeper	0
rp	0
omg	1
waytoodank	1
face_with_tears_of_joy	1
jammies	0
DansGame	0
pausechamp	0
monkaS	1
widehardo	1
mods	0
glitchlit	1
em	0
a\1\1	0
widepeepohappy	1
VoteYea	1
megalul	1
forsencd	1
pepejam	0
SeemsGood	1
blobdance	0
ludwig7	0
g\1\1	0
VoteNay	-1
ratjam	0
xar2edm	0
FeelsGoodMan	1
kkonaw	0
BisexualPride	1
y\1\1	0
ye\1\1	1
hyperclap	1
BabyRage	-1
gachiBASS	1
pepela	1
omegalaughing	1
alienpls	1
peepoclap	1
forsenparty	1
lmfa\1\1	1
trikool	0
forsendiscosnake	0
tubbo	1
Squid2	0
Jebaited	-1
SMOrc	-1
kapp	1
prayge	1
BigBrother	0
PepeHands	0
MorphinTime	1
ranboo	0
w\1\1	-1
pphop	1
pepeds	1
subs	1
dono	0
lmfao	1
pepepains	-1
ph1llove	1
feelsdankman	1
HeyGuys	1
4Head	1
xqctechno	1
o7	1
ranboopride	1
tf	0
pepemeltdown	-1
:s	0
widepeeposad	-1
NaM	0
nickmercsfam	1
GachiPls	1
forsen	0
Poooound	0
lmaoo	1
xqc	0
by\1\1	0
lolw	1
FeelsBadMan	-1
rainbowpls	1
peepohey	1
donowall	-1
doctordance	1
po\1\1	0
borpaspin	0
nyanpls	1
sen	0
pagchomp	0
abdulpls	1
syklaugh	1
zulul	1
nah	0
sh\1\1sh	-1
DoritosChip	1
rolling_on_the_floor_laughing	1
pepog	0
KappaPride	1
osfrog	0
bleedPurple	1
hasl	0
xqcomega	0
adincap	0
nickmercslove	1
wtff	-1
rtdlove	1
XD	1
ricegumbigw	0
sus	-1
peepodj	0
cheer1	1
vs	0
mizkifplz	0
VirtualHug	1
nymncorn	0
hahaha	1
cmonBruh	-1
h\1\1	0
green_heart	1
l\1\1l	0
bdeoliln	0
nt	0
KKona	1
syks	0
BloodTrail	0
pepeagony	0
kekwait	0
VoHiYo	1
kekl	0
peeporiot	0
g2	1
MrDestructoid	0
adin	0
RIP	-1
TransgenderPride	1
:)	1
sum1g	0
poggies	0
rtdblue	0
LesbianPride	1
lysesv	0
EleGiggle	1
o\1\1	0
haHAA	1
GlitchCat	0
BigPhish	0
xqcdisco	0
PansexualPride	1
gaypride	1
pepegachat	0
stfu	-1
TheIlluminati	0
BrainSlug	1
peepoglad	1
adinblackfeet	1
aydanlogo	1
ricegumlaff	0
SSSsss	0
monkalaugh	1
sykcry	0
tenz	1
OhMyDog	1
t1	1
blankies	0
ez	1
lysb	0
pepw	0
tsm	1
GivePLZ	1
af	0
PepePls	0
madge	0
buddhah	0
ludwig	0
HYPERS	1
xqcs	0
SourPls	0
ppjedi	0
ranboohug	1
feelsokayman	0
pianotime	1
malding	-1
sheesh	-1
bdeohypers	0
xqcm	0
kkool	1
xD	1
gamba	0
loudly_crying_face	-1
forsenwut	0
adinshnaggy	0
Squid4	0
xqcow	0
Squid3	0
BOP	1
:D	1
trueing	0
hahahaha	1
coggers	0
ww	0
FailFish	-1
verypog	1
TwitchUnity	1
roulette	0
okaychamp	1
xqcez	0
Squid1	1
nigga	-1
gachiw	0
miz	0
PowerUpR	1
daltoobag	0
zulol	1
da	0
cs	0
ashlollick	1
sykdark	1
tssk	-1
dankies	1
u\1\1	-1
tubbolove	1
owa	0
ranboolol	1
tu	0
lul	0
CoolCat	1
ludwigprime	0
asexualpride	1
elp	0
gachipride	1
xqcadhd	0
monkahmm	0
fnc	0
handsup	1
red_heart_selector	1
white_medium_star	1
hypee	1
ff	0
wubby7	0
s\1\1	-1
timmy	0
CoolStoryBob	1
irl	0
pepejamjam	1
PowerUpL	1
partykirby	1
blue_heart	1
ggs	1
punzol	1
pokil	0
sykjam	0
quid	0
monkaomega	1
weebs	-1
nonbinarypride	1
e\1\1	0
okayge	1
sens	0
dpi	0
ya\1\1	0
TTours	1
:S	0
neutral_face	0
ty	1
puffylove	1
angelthump	1
xqchead	0
omegadance	1
karl	0
gogywhip	1
lysl	1
clix	1
xqccursed	-1
adinslatt	0
TakeNRG	0
goo	0
pp	0
purple_heart	1
mitch	0
bonezone	1
ult	0
ranboo7	0
PunchTrees	0
nickmercslg	0
poki	0
sumpls	0
monkagiga	0
popcat	0
ye	1
forsenbased	0
plsnick	0
ayo	1
andy	1
warzone	0
monkasteer	1
hackermans	0
joe	1
lebronjam	1
:c	-1
el	0
zululdrums	0
ay\1\1	0
hasbuff	1
hiko	0
op	0
lp	0
yay	1
oof	-1
monkax	0
sumblue	1
sumgoldfish	1
peepocheer	1
peepogiggles	1
la	1
yourra1huh	0
clixvibe	0
billed_cap	0
peeporun	0
hasmods	1
ricegumrgs	0
SingsNote	0
wt\1\1	-1
ranboopog	0
yellow_heart	1
fps	0
poggers	1
pepew	0
ranboostare	0
:p	0
deskchan	0
cmon	0
nickmercsgg	0
sykads	0
MercyWing2	0
MercyWing1	0
snooppls	0
copesen	0
red_heart	1
celid	0
lo\1\1	0
yourra1yrg	0
peepohappy	1
lion_face	0
dinkdonk	0
sapnap	1
repulltmu	-1
pepesadjam	-1
docpls	0
xqck	0
cheer100	1
xqcbless	1
mizkifmarch	1
pepegaaim	1
bboomer	1
pepedhaw	1
feelsweirdman	-1
bigyion	1
PJSalt	1
phil	0
pepocheer	1
widehard	0
lore	0
tmmy7	0
nmprich	0
kkomrade	0
:(	-1
fbtouchdown	0
swegturnmeup	1
fr	0
xd	1
forsensmug	1
ph1lgapple	0
malena	0
feelsrainman	1
gamerbh	0
gigi	0
lud	0
HotPokket	0
shotzl	0
sumSmash	0
sykkuno	0
ls	0
weewoo	1
foolishhappy	1
mizzy	0
GlitchNRG	0
orange_heart	1
FBCatch	0
nickmercspot	0
aydan	0
pogplant	0
de	0
StinkyCheese	0
tfue	0
miling_face_with_horns	0
tourney	0
pepegapls	1
ironmouseparty	0
nymn	0
lysbenji	0
swegthanos	0
hasraid	0
haschud	0
bdeodeo	0
fundy	0
ranbool	0
fbblock	0
SabaPing	0
armut	0
los	0
mitchpls	0
ong	0
cvhazmat	0
ashloll	0
hahahahaha	1
monkaeyes	1
uhm	0
SingsMic	1
sumlove	1
per	0
dundee	0
xqcditch	-1
cocka	0
r\1\1	-1
zrkheart	1
om\1\1	-1
peepos	0
c9	0
adinbronny	0
hikaru	0
noidontthinkso	-1
eggylove	1
ranboohuh	-1
:l	-1
tru\1\1	1
peeposhy	0
chesscomyerba	0
cod	0
dogjam	0
xqcmald	0
adinfbi	0
HSWP	0
adinshark	0
imGlitch	0
nickmercsque	0
boomer	0
forsencoomer	0
feelsbirthdayman	1
pphopper	0
uwu	1
xqcfinger	0
haso	0
pepecd	0
FortOne	0
xqcsmash	0
asf	0
xqcgob	0
pokiw	0
pogchamp	1
pepesmoke	1
m\1\1	0
PixelBob	0
rameelove	0
ramee	0
pogcrazy	0
MaxLOL	1
bonanza	1
yuno	0
adinegg2	1
ranbooheart	1
azan	1
smh	-1
SwiftRage	-1
:d	1
modtime	0
robpls	0
pogg	1
citto	0
dk	1
kraken	0
whiplove	0
pl\1\1	-1
emadspray	0
:oc	-1
topus	0
mizkifhug	1
outtapocket	0
rtdcozy	0
br\1\1	-1
emadgg	0
nickmercsvibes	0
kek	1
janixfunny	0
lyslul	0
copege	0
adintee	0
raccattack	1
nickmercshypers	1
pepegacredit	1
quackypolo	0
sangoga	0
donkpls	1
i\1\1	-1
bttv	0
emad	0
badboy31heart	0
xqctl	0
gme	1
DatSheffy	1
xqct	0
tatlove	1
hahahah	0
puffydu	1
yea\1\1	1
petthemods	1
teegri1gg	0
cigrip	0
hal	0
SeriousSloth	0
oudly_crying_face	-1
ricegumlfp	0
pjsugar	0
hulksmash1337	0
cjerk	0
peeposad	0
tubbobee	0
polom	0
ssb	0
ANELE	0
esfand	0
peepopopcorn	1
nmpball	0
punz	0
agane	0
forseny	0
peepoleave	0
nickmercsg	0
clixron	0
forsenjoy	1
dedo	-1
v1	0
xqclewd	0
quackity	0
painchamp	1
nuke	0
squadl	0
monaks	0
dud	0
bdeosad	-1
yessir	1
jankos	0
gachigasm	1
ranboosad	1
omegaluliguess	0
bajs	-1
bdeo4k	0
tts	0
ranboocrylaugh	1
wh	0
vod	0
sumphone	0
ammoheart	0
docleave	0
gwiselove	1
;)	1
okayeg	0
StinkyGlitch	0
donos	1
adinsus	0
FBPass	0
ph1lsalute	1
xqcabdul	0
ph1lwheeze	1
PopCorn	1
kkrikey	0
tubboahh	0
bigextbd	0
omfg	1
blacklivesmatter	1
tmmypogchamp	1
ludwigw	0
sweetdroil	1
GenderFluidPride	1
rtdhack	0
FrankerZ	1
forsenga	1
lmfaoo	1
feelslagman	1
zbtveast	0
rae	0
ops	0
hyperjammies	1
bdeostare	0
diazbisubhype	1
Dx	-1
hamzdance	1
ddoomer	0
owo	0
xqcco	0
sykshrimp	0
gigachad	0
KAPOW	1
he\1\1	-1
>>	0
busta	0
hafu	0
amogus	0
peepolove	1
xqcwut	0
monkastare	0
kissahomie	0
wh\1\1	-1
wha\1\1	-1
afk	0
wut	0
painschamp	0
csgo	1
ooc	0
ricegumfatl	0
adc	0
babajam	0
fishmoley	0
philza	0
peepobye	0
ludwigscam	-1
gnfo7	0
oce	0
ranbooscared	-1
wa\1\1	0
ranboohmm	0
xqcpog	0
red_apple	0
lulu	0
peepobaba	0
punzochair	0
tmmyheart	0
lulwut	0
peepofat	0
syndigl	0
bru\1\1	-1
peepotalk	0
zamsen	0
tubbopride	1
ranboodc	0
kekvv	-1
TehePelo	0
gnflove	1
adinjohnny	1
clapping_hands	1
FUNgineer	1
TPFufun	1
gogy	0
showofhands	0
og	0
weary_face	-1
lamonting	0
swegbooya	0
KonCha	0
ph1lpopza	0
hamzb	0
xqcsmug	1
smp	0
bigexnotfunny	-1
DarkMode	1
tp	0
syksip	0
ayayay	0
auto	0
xqcf	0
rr	0
wipz	0
MingLee	0
dababy	1
forsenhottub	0
adinar	0
tripls	0
reefersad	-1
felix	0
meth	-1
lule	0
peepogiggle	1
lolol	1
cyr	0
xqchaa	0
elo	0
yil	0
smiling_face_with_horns	1
teephype	1
bdeosexy	1
sogchamp	0
ph1lheart	0
janixuhh	0
imperiallovehal	1
whipsendit	1
tt	0
peperun	0
kekbye	-1
ranbooshoot	1
asmr	0
bruv	1
minx	1
pawgchamp	1
nerd_face	0
forseninsane	1
wrangler	0
syknugg	1
moon2cute	1
ca\1\1	-1
monkatos	0
tyler1o	1
uzi	0
hotbois	1
kart	0
asmon	0
hypermonke	1
punzocozy	0
imperialhaltsm	0
catkiss	1
ph1lbelt	0
nic\1\1	0
imperialhalhype	1
prxgasm	1
na\1\1	0
docjam	0
BegWan	0
pepebass	0
pepeja	0
feelsweakman	-1
fa\1\1	0
adinegg3	0
OpieOP	1
ashlollul	1
PepoDance	1
quackyquackitydream	1
t\1\1	0
KappaWealth	0
ranb\1\1	-1
schlatt	0
adinegg1	0
rameeblue	0
xqcnom	0
pepep	0
rtdhype	1
dam\1\1	0
pleas\1\1	-1
yo\1\1	0
:L	-1
nickmercsbh	0
PunOko	0
tubboheart	0
xqcg	0
shift	0
amc	0
rng	0
yourm0m	-1
hyperpogger	1
feelsweirdmanw	-1
lled	-1
yeahbutbttv	0
pokiears2	0
imdontai4k	0
nickmercsban	-1
hypercatjam	1
irelia	0
gppls	0
mac10	0
br	0
adinthreat	0
arnoldhalt	0
ayay\1\1	1
fncs	0
npc	0
g\1\1d	1
kekebab	0
bdeoh\1\1	-1
abdulhabibi	1
nvm	0
forssmash	0
gurom	0
peepohappier	1
xqcsword	0
lcs	0
lck	0
riPepperonis	1
stevsupticrat	0
loslos	0
gfuel	0
wo\1\1	-1
ludwignot	0
raychype	1
nickmercspop	1
nickmercsjam	1
xqcbased	0
forsendisco	0
exclamation_mark	0
(:	1
lirikh	0
ba\1\1	-1
mutexsubhype	1
tubbostare	1
aka	0
ludwigstinky	0
ricegumjr	0
ppbounce	0
xqkaren	0
ludwigjr	0
FootYellow	0
ludwigbrb	0
sillychamp	0
ludwigsleep	0
vislaud	0
ph1lmumza	0
pokpikachu	0
moon2y	0
ima	0
xqcsleeper	0
rai\1\1	0
monkalib	0
monkashake	0
m\1\1n	-1
nickmercslit	-1
zyzzpls	1
p\1\1g	1
mehdih	0
pogslide	1
clixwin	1
ratirlsalute	1
pogchimp	1
dd	0
peepopog	1
naglove	1
benjy	0
y\1\1\1\1	0
squadw	0
ironmousesing	0
nyannhype	1
nerfed	-1
^^	1
aceu	1
xqcstare	-1
mangobb	1
trailer	0
CorgiDerp	1
showlove1	1
gp	0
lvl	0
forsenlookingatyou	0
syknice	0
peepojuice	0
nickmercsangry	-1
xqcmom	0
TearGlove	1
sadkek	-1
bwipo	0
puffyo7	0
porschewin	1
lyspoggies	0
):	0
lololol	1
yyjlove	1
forsen1	0
feelswowman	1
coomer	-1
bigfrog	1
ggx	0
ddg	0
esfandbless	1
xx	0
tubbohype	1
male_sign_selector	0
huskfuz	0
adinshnaggyhose	0
imkaicidontcare	0
gnfsleeper	0
dis	-1
:C	-1
ayup	1
ratirlmad	0
ranboocool	0
ludwigu	0
hundred_points	1
smiling_face_with_heart-eyes	1
bdeook	0
pepegaphone	0
polska	0
repu\1\1ove	0
monkas	1
ricegumcap	0
zentretogether	1
hypernodders	1
senna	0
feelsdonkman	1
bigexheart	1
hassadge	0
adinhsthreat	-1
supamaldio	0
bdeoyuh	0
ranboodissapoint	-1
kekleo	0
badboy31language	-1
lysdj	0
loscircle	0
neffl	0
nickmercspoop	0
xqcsearch	0
mcaT	0
sykpega	0
pokishuffle	0
xqcc	0
sykayaya	0
ludwigk	0
nickmercsyt	0
ashlol7	0
nickmercsfaze	1
xqcarm2	0
skeppy	0
sykthink	0
kappa	0
sven	0
xqcayaya	1
lyspray	0
gl	1
woa\1\1	0
xqcrage	0
tmmyprime	0
rtdbob	0
loeyafnatic	0
pepel	0
pepem	0
mo	0
xqcfast	1
blaul	0
repullsbc	0
xqcscoots	0
hiko100t	0
ludwigpride	1
cyrl	0
xqccry	-1
x2	1
peepohas	0
nickmercsjoey	0
cashapp	0
sardoche	1
chug	0
xqcjam	0
bs	-1
teegri1ggang	1
xqcarm1	1
ricegumlipbite	0
ahahaha	1
xqcn	0
awesam1mom	1
kyleislove	1
linus	0
Cx	0
peepoblanket	0
syndigg	0
dafran	0
xqcsad	0
hasanabi	1
lfg	0
zias	0
tenzsen	1
fr\1\1	-1
pepepoint	0
tyler1r	0
forsenclown	1
baldya\1\1	0
catjamjam	0
shungite	0
let\1\1	-1
peeposhake	0
zentrepat	0
bussin	0
sh\1\1	0
p\1\1	0
skeld	0
va	0
rofl	1
gttc	0
bbh	0
wp	0
ricegum4k	0
sto\1\1	0
xqctake	0
np	1
tatw	0
3x	0
quantpickle	0
pogyou	1
m16	0
BCWarrior	0
dmr	0
hyp\1\1	-1
hackercd	0
roflgatorkek	1
sogch	0
tubb\1\1	0
kewk	0
genshin	0
y\1\1s	-1
tubbobiglaw	0
sh\1\1s\1\1	-1
uhnkek	0
kkalinka	0
bo\1\1	-1
imkaicw	0
phi\1\1	0
ammopiggers	-1
cumlinz	0
gigahas	0
tmmyvikkstar1	0
adinjamescharles	0
pokih	0
eret	0
HolidaySanta	1
yesidothinkso	1
yikesjam	-1
pepefastest	1
Kappu	1
diazbiwin	1
ma\1\1	-1
gulag	-1
gachi	0
euw	0
nickmercsjax	0
tyler1ff	0
bdeopoggers	0
wardell	0
mizkifhypers	1
burself	0
ph1lcrow1	0
yyjd	0
donkjam	0
bigexhypers	1
SoBayed	0
VIV	1
komodochomp	1
haspoggies	0
hot_face	1
eddybeddymode	1
sympls	0
yone	0
res	0
@x	0
moon2huh	0
tired_face	-1
xqcold	0
moon2lenny	1
edition	0
my\1\1	0
mhm	0
otk	0
docarrive	0
punzopog	0
trisad	-1
yyjwdance	1
ahaha	1
san	0
raycl	0
ludwigfriend	1
RlyTho	0
petthechud	1
d4r	0
monkaextreme	-1
syknerves	-1
udyr	0
omegadancebutfaster	0
moon2h	0
nickmercssmile	1
ryze	0
adincuffem	0
xqcpls	0
whipxd	1
adinbruh	1
crystlove	1
aceupls	1
symfez	0
qtshug	0
peepometal	0
p\1\1\1\1	-1
rtdcg	0
moon2w	0
sykderp	0
lulw	1
pepeloser	0
nmpmelane	0
HungryPaimon	0
peepoween	0
dota	0
kj	0
widepeepohigh	1
yoru	0
rtdlul	1
ricegumew	1
mcc	0
ti	0
wh\1\1t	0
awesam1\1\1	1
NonbinaryPride	1
sogpog	0
quackypoggers	1
xqchands	0
dudududu	0
lysdance	0
apparently	0
smirking_face	1
xqcdab	0
mrfreshypers	0
aganeiguess	0
tyler1z	0
ehhype	1
xqcjuice	0
clix's	0
raycletsgo	1
xqca	0
kd	1
pepelaughing	1
ru\1\1	-1
ps5	1
cold_face	-1
rekt	-1
moon2m	0
omega	0
rtdchest	1
xqch	0
thumbs_up	1
bamheart	1
pepe	0
imkaiccaught4k	0
m8	1
xqchyperf	0
pilsax	0
poffhype	1
feelsamazingman	1
adincactusjack	0
teepgg	0
syknyaa	0
monka	-1
greekl	0
thi\1\1	0
yb	0
black_heart	-1
hol\1\1	-1
atrioc7	0
xp	0
:3	1
wolfal	0
wtffjam	-1
adinpain	-1
tyler1	-1
pepege	0
YouDontSay	0
jebaited	-1
tac	0
fortnitellamas	1
w\1\1w	0
adinastroworld	0
xqcrich	0
kevinturtle	0
sapnappog	0
clown_face	0
RalpherZ	1
jayce	0
connor6sus	0
yourra1head	0
pentawranggang	0
tanties	0
nicewigghype	1
sykhi	0
xqcpeepo	0
bab\1\1	-1
squadcozy	0
f4	0
sykko	0
x3	0
ender	0
ricegumdemontime	0
tmmyo	0
forsenokay	1
gt\1\1	0
speedysmile	1
wz	0
panicBasket	0
punzoad	0
moon2A	0
XX	0
tmmypride	1
ahahah	1
sykcomf	0
peepowtf	0
rtdkekw	0
forsenswa	1
mutexlove	1
ntnt	0
ranboomheart	1
andys	1
forsenstare	1
timmach	1
xqcmood	0
mizkifoh	0
mix	0
cha\1\1	0
ayayajam	0
fuc\1\1	-1
jfoxhype	1
ricegumlebron	0
llenny	0
repullhype	0
teemo	0
iron95pls	0
ppogo	0
gnfpog	0
baldyikes	-1
ratirljam	0
buddhakek	0
yasuo	0
wubbyright	0
lyshype	0
gnftpose	0
wubbyleft	0
iamblocc	0
KappaHD	0
d\1\1	0
adinprengl	0
raerdance	0
lgiggle	1
ricardoflick	0
puffysad	-1
ludwigfrog	0
fkn	-1
das	0
ranbooblegs	0
atprtsd	-1
p\1\1t	0
bdeoking	0
xqccoomer	0
jae	0
widepeepohug	1
face_vomiting	-1
ph1lzombie	0
mizmalena	0
lebron	0
peepog	1
cbrahko	0
tr\1\1	0
loeyad	0
imkaicwrizz	0
ricegumlol	0
jankoshype	1
degen	-1
pepegablind	0
logan	0
nyannmegalul	1
da\1\1	-1
heart_suit_selector	1
lys10	0
j9	0
wot	0
nickmercsreal	0
haschair	0
tubbo7	0
xqcsmile	1
xqcp	0
osu	0
fundyfeelsgood_sg	1
nihachulove	1
khaosalove	1
gachiapprove	1
aatrox	0
nickmercsemu	0
tyler15	0
chilledlul	1
shi\1\1	-1
imkaicenat	0
moon2wow	0
gibby	0
eggystar	0
hamzwtf	0
daltoomyking	0
ExtraLife	1
boop	1
gragas	0
wubbypog	0
m13	0
callahan	0
mufasapls	0
pr	0
heelbars	0
monkagun	0
forsenfist	0
imdontaiqueen	0
fortniteknights	0
adinlol	0
nickmercsly	0
teepgiftbomb	1
lown_face	-1
dood	0
hahaball	0
fnaf	0
squadez	0
pepeg	0
bdeoglock	0
boomernald	1
snoop	1
keviskaww	0
haspains	-1
swegselling	0
mizkifl	1
white_heart	1
zrkgun	0
gdbooyasubhype	1
azir	0
zzoomer	0
xm4	0
m4	0
forsen2	0
joewohey	0
uhnhug	0
clixcap	0
pogt	0
nickmercsjerry	0
PurpleStar	0
gwiseblue	0
ss	0
vvv	1
mk2	0
mutexw	0
vamoslove	1
krappa	0
whipkk	0
hu\1\1	0
pokcharizard	0
mehdilaugh	1
nickmercsfs	0
lirikosvn	0
sykcop	0
foolishahh	-1
nickmercsyurr	0
ray__c	0
TwitchSings	0
clapping_hands_light_skin_tone	0
feelsgladman	1
amd	0
tubbobox	0
rly	0
fpx	0
con	0
mizkifaww	0
adineleven	1
nicewiggheart	1
hassmol	0
yyjhey	1
renekton	0
adinhofcap	0
nickmercsvein	0
sweetdrheart	1
daltoojam	0
haspause	0
lirikten	0
rtdwave	1
luckyc22tup	1
ashlolhype	1
peepocomfy	1
tmmypog	1
swegfbi	1
tomatotime	1
beaming_face_with_smiling_eyes	1
x10	1
diazbilove	1
kpopheart	1
ol	0
ns	0
gtfo	-1
swegnukesquad	0
<<	0
duDudu	0
hamzlightskin	0
melee	0
dans	0
moon22	0
kekew	0
tats	0
loltyler1	0
yyjw	0
jr	0
wdym	0
bahahaha	1
freyzlove	1
ricegumwhat	0
nicewi\1\1	1
FBSpiral	0
foolishcrying	-1
tyler1hey	0
chi\1\1	1
dapr	0
cazino	0
ph1laww	0
ashlolpogchamp	1
qcow	0
InuyoFace	0
peeposmash	1
daltoosh	0
milkmanrave	0
yh	0
martin59ok	0
nate	0
euriecehype	1
ta	0
pokidance	1
puffylul	0
jp	0
xqchug	0
bovice	0
claphd	1
EntropyWins	0
fundyheart	1
nickmercsdub	0
sykiq	0
oml	0
supp	0
tr	0
tmmyvikkstar2	0
nickmercsya	0
sykhmm	0
imkaicdoor	0
bdeodeoslime	0
xqcfuel	0
ludwigbanger	0
gtr	0
gnftpose2	0
daltoopog	0
ftw	1
li\1\1	-1
nickmercssub	0
amonge	0
stockmoon	0
ricegumthink	0
clixclr	0
tyler1na	0
smol	1
pleading_face	0
fanum	0
hai	1
amongass	-1
syksanta	0
golem	0
emoneyswag	1
tkl	1
amongus	1
awp	0
lono	0
malarkey	-1
gnfpride1	1
tubbobenson	0
ph1lbigpog	0
pew	0
syphermask	0
creepychamp	-1
nuturn	0
double_exclamation_mark_selector	0
gaben	1
b\1\1\1\1	-1
syk1more	0
cali	0
mendo	0
nauseated_face	-1
kap	0
O-o	0
letroll	-1
bloons	0
squadnodders	0
mfam	1
xqcl_hf	0
yrg	0
tapl	0
ellum	0
itsirogg	0
foolishsharkglasses	0
adinmobaby	0
fortnitedogs	0
mizkifsleeper	0
sume	0
nickmercs	0
woof	1
adinfape	0
FutureMan	0
riven	0
omgg	1
TBAngel	1
pfft	-1
cyberpunk	0
squadkool	1
triboom	1
tardy	-1
sally	0
bdeoburger	1
adinstuffem	1
ear_of_corn	0
conan	0
tatdmg	0
ranbootubmoment	1
minik	0
whipsad	-1
ch\1\1	-1
repullghost	0
savonte	0
doinb	0
fortniteraiders	0
d1	0
savebeeslove	1
nas	0
adins	0
ph1lstonks	1
tyler1e	-1
e-\1\1-ee-\1\1	0
pickaxe	0
rtdred	-1
jo-\1\1	-1
olaf	1
ourcat	1
aae-o-a-a-u-u-a	0
blau	1
03:00	0
ekko	1
pdt	0
shivfpskekw	0
tessa	1
jinxed	-1
carlsmile	1
pepothink	1
fuslie	0
sardfc	0
koillegion	0
raycheart	1
lospain	0
thatst7od	0
ricegumwtf	0
sh\1\1shh	0
party1	0
hakumailove	1
vayne	0
mccool	1
dktime	0
berserk	-1
emiruddr	0
origin	0
bau	0
xs	0
kkapitalist	0
%C	-1
hasgun	-1
pikaboomove	1
gura	0
smg	0
jojo	1
quackylasr	0
fn	0
yuumi	0
imdontaifng	-1
haspoggers	-1
swegsad	-1
trolldespair	-1
pbtvbii	0
donscoot	0
miling_face_with_sunglasses	1
ludwignord	0
ho\1\1	0
bdeofed	0
8/	0
ks	0
letsg\1\1	1
ayayabass	0
xqcbaited	-1
syk	-1
aot	0
ludwigcroc	0
fo	0
lm\1\1\1\1	-1
cmkhype	1
tattopd	0
toonyclean	0
face_with_raised_eyebrow	0
onto	0
ammofroggers	1
tubbomanifold	0
zven	0
rarew	0
nba	0
middle_finger	-1
fus7	0
wantep	0
einds	0
y\1\1y	-1
otv	0
a\1\1\1\1	-1
sykbimbus	-1
HolidayCookie	1
itsboshytime	-1
lspd	0
yu	0
shivfpslove	1
hobo	-1
nmp	0
paleto	0
curvyelove	1
ludwigfan	1
laggy	-1
lmaa\1\1	1
f1	0
stonelightning	1
awesam1pog	1
shnaggy	0
hyperpogo	0
face_screaming_in_fear	-1
forsenkek	0
hof	0
abby	0
emad1	0
syknotme	0
ight	0
xqckek	0
imdontaipog	0
stockhandsup	0
ki\1\1	0
xqcface	1
cloakzy	1
puffyowa	0
smiling_face_with_sunglasses	1
onzulul	0
blood_type	0
tmmyverysad	-1
edp	0
uni1	0
wubbytrain	0
lysgun	0
imdontprew	0
repullsubhype	1
poki4	0
aw\1\1	-1
tommyinnit	0
FreakinStinkin	-1
ashlolads	1
seredafire	0
hasnerd	0
peepopoopoo	-1
forsen3	0
sootpopping	0
tubbopog	0
baldipls	0
tyler1lul	1
tablehere	0
donaldpls	0
tmmylul	0
nyannlove	1
corinna	0
djfranzenframilyheart	1
hypepoggers	1
bucke	0
forthype	1
moon21	0
subroza	0
sognut	0
gj	1
chadkif	0
tyler1q	0
yas	1
breahug	1
lurk	0
hehehe	1
tnt	0
thinking_face	0
badboy31ratwut	0
tatblind	0
miyoung	0
smugtime	0
ph1lold	0
smiling_face_with_3_hearts	1
opsqtl	0
opsqtcap	0
nickplsdancingincolors	1
botw	1
poki2	1
female_sign_selector	0
stable5shave	0
moonmoon	0
xqcl_sg	0
ludwigs	0
repullthick	0
tobiaspls	0
sagittarius	0
nmpw	0
moon2bed	0
sparkling_heart	1
monkah	1
priderise	1
bdeoprayge	-1
buddhaww	1
donda	0
swegfazenukes	0
tubbohey	0
kda	0
dumbdog	-1
poki3	0
shacopls	0
il	0
iitzlove	1
ludwigfat	0
hz	0
clixcrying	-1
geng	0
dps	0
ratirlduck	0
nmpc	0
bebela	0
stunlock	0
wranglerpls	0
eretl	0
loeyah	0
kontol	-1
hasree	0
gopk	0
miling_face_with_heart-eyes	1
quackywow	1
destroytmu	-1
tyler1ssj	0
ratirll9	0
cuffemwoo	1
O_o	0
widepepomegakekhappychamphands	1
fanumw	0
mon	0
hasweird	0
skt	0
scumtkgocrazy	-1
feelswaytoogood	1
ph1lscience	0
ri\1\1	0
fundyfeelsgood_hf	1
wi\1\1	0
punzopride	1
squadjam	1
toobased	0
jd	0
tubbotoob	0
di\1\1	0
amouranth's	0
smthykiss	0
mastiff	0
ori	0
speedykyrmy	0
buddhacreep	0
normie	-1
loeyaprime	0
bm	0
w\1\1\1\1	0
gox2	0
timmachype	1
baldin	0
boutta	0
hamzpog	1
pogchamps	1
silkyleaveasap	-1
lc10	0
doccbt	0
cdt	0
bingomg	1
losgbc	0
sykchillin	1
lysmeta	0
losreddit	0
kar98	0
rtdgift	1
hbomb	-1
miami	0
bac\1\1	-1
hikolove	1
gne	0
no\1\1	-1
ziggyjlove	1
alixxahype	1
wagniflove	1
ash_on_lol	0
roflgatorlove	1
tategg2	0
tubbovibin	0
opsqtgift	0
growing_heart	1
nyannpog	1
lyndioop	0
krakens	0
quackyhaha	1
okayga	0
ludwigirs	0
ssohype	1
sodal	0
gamerbs	0
moon2pog	0
grinning_face	1
sadgecry	-1
liz	0
stanag	0
eshrug	0
cmkkevhype	1
peposabers	0
minglee	0
mando	0
go\1\1	0
nik\1\1	0
cli\1\1	0
concerndoge	0
moon2s	0
kyedae	0
pokgengar	0
outing_face	0
drop_of_blood	-1
skye	0
ceopls	-1
cha	1
asmonsmash	1
kyleiskekw	0
grinning_face_with_sweat	1
copeler1	0
met4db	0
TwitchRPG	1
cut\1\1	-1
godzilla	0
xqc's	0
pepegashower	1
bdeodoboy	0
mizkifgun2	0
HSCheers	1
buddhaten	0
silkykingsht	0
GunRun	0
bdeopepelaugh	1
connor6froggy	0
mrfresyes	1
lysium	0
cuffemssb	1
emoney7	0
;p	0
xqcaren	0
imdontaiwrapitup	0
tmmymonka	0
moon2n	0
we\1\1	0
pokikek	0
pepegacard	0
ro\1\1	-1
x2twingg	1
luvelyggez	1
bora	0
YouWHY	-1
iskgg	0
csb	0
showlove100	1
eretlbi	0
xqci	0
monakgiga	0
ricegumcry	0
djfranzen250	0
nickmercshmm	0
pluppls	0
ph1lpogchamp	0
biblethump1	-1
ph1lstory	0
tyler1h2	0
vous	0
vamoskekw	1
aa\1\1	0
ybn	0
wolflove	1
garen	0
cb	0
urple_heart	1
mkobless	0
fye	1
peepocheering	1
lidl	0
asmongold	0
scarra	0
loeyahp	0
nagmat	0
feelstiredman	-1
eft	0
rogu190	0
ra\1\1	0
expressionless_face	0
m4r\1\1\1\1	-1
ggwp	1
moon24	0
stable5blessrng	1
moon2lewd	-1
08:00	0
bropls	-1
scumtku\1\1	-1
has5	0
mammothman65	0
exodus29exo	0
jj	0
memeictired	-1
tyler1h1	0
ratirl	0
aipha	0
sumtucked	0
darius	0
iskrip	0
tim\1\1	0
feral	0
gnfl	0
wii	0
wendys	0
ludwigawooga	0
feelslateman	0
poffsend	-1
sama	0
lfsH	0
xqcskip	0
capp302	0
eggyyay	1
hora	0
pepegagamble	1
rtdchill	0
dougdimmadomeownerofthedimmsdaledimmadomelookingouthisdimmsdaledimmadomelookingoutspongebobswindowandknucklesftdantedoit	0
déterminé	1
eretpog	0
peepo	0
puffylore	0
d\1\1mn	-1
PanicVis	0
ssd	0
KappaClaus	1
pepephone	0
bigexcry2	-1
ludwigrelax	0
sapnapheart	1
luckyc22luckylove	0
ricegumpop	0
kekg	0
himbies	0
dogecoin	0
ricegum	0
sirsword	0
daltoowinable	1
bogahey	-1
zaml	0
sykunno	0
bdeosadge	-1
xadeshlemickey	0
l\1\1\1\1	0
lam\1\1	0
yorick	0
ph1ljoy	1
montage	1
UWot	0
gnfraid	0
forsenknife	0
jit	0
peepoblush	1
viv	1
bop	1
peepomatcha	1
nam	0
cmkhag	0
sykshy	0
pokiheart	0
cochise	0
thr	0
leading_face	0
djfranzenfranzenvibez	0
silkyfaded	0
yi	0
mı	0
om	0
hikohype	1
grinning_face_with_big_eyes	1
nickpls2	0
adinwami	0
fusfam	0
sweglockitin	0
jfoxlove	1
forsengun	0
:/	-1
ph1lyay	1
broken_heart	-1
losdemon	-1
jcs	0
teegri1hype	1
sacy	0
pettheschnozer	0
esfandpls	1
ga	0
skeletonpls	1
deltaftw	1
peeporain	0
nickmercsph	0
ok_hand	1
Kippa	0
shaco	0
punzold	0
k\1\1k	-1
>:(	-1
lapping_hands	1
quackysmiley	1
danschamp	0
mizkifchin	0
pepegaask	1
sh\1\1t	-1
ricegumdog	0
gwisegift	0
femboy	0
corki	0
iitzhype	0
ashlolsip	0
quackyqac	0
bahahahaha	1
queueup	1
rameekek	0
kkatambawk	0
rdcsalute	1
redss	0
UnSane	0
egirls	0
tyler1b2	0
unc	0
foolishlore	0
sapnaphug	0
uhnsuffer	-1
pokesubs	0
puffypog	0
dlc	0
ammofreeman	0
atpcap	0
re-subbed	1
nuguri	0
sam\1\1	0
pogger	1
squadlul	1
ph1ly\1\1	-1
backhand_index_pointing_left	0
money-mouth_face	0
mutexmumugang	0
manifoldlove2	1
psg	0
pt	0
castleheadpsy	0
vizlraid	0
tubbokill	0
pep	1
adinbabyneon	0
rameechanggang	0
yyjl	0
on\1\1	0
fuskek	0
ph1lcrystal	0
l9	0
rawr	1
squaddance	1
peepoclown	0
nickmercsthink	-1
poffgas	0
sm64	0
gamerbr	0
che	0
nidalee	0
biffle	0
xqcwar	-1
stable5takethel	0
hahha	1
hahhaha	1
ke	0
d2	0
nisqy	1
th\1\1	0
swegvibez	1
PicoMause	0
bdeomonkas	-1
vbucks	0
bdeo1	0
huni	0
nickmercsl	0
chiikacheer	1
shat	-1
f\1\1	-1
bitte	0
don\1\1	-1
hannahxxhype	1
f3	0
mutexdaddy	1
tyler1x	0
adinross	0
woman_dancing	1
grinning_squinting_face	1
puffyscatter	0
pepesus	0
mmr	0
ppautismo	1
syklurk	0
ranbooangry	-1
daphpls	1
omegalol	1
b_button	0
draineosublove	1
pepehands	0
wickedsteer	0
bdeotoxic	-1
buddhahype	1
aircoolhype	1
partypeepo	1
peepojammer	0
tategg1	0
tyler1a	0
nickmercsbeam	0
buddhamald	0
nj	0
sogpee	0
pvcl	0
quackyquackity	0
peepotub	0
tattuff	0
pentawlul	0
summhm	0
mehdikek	0
canna	0
gurawave	0
tubbosargeslap	0
3%	0
chugu	0
teepwin	0
bigexsilkyfrank	0
swegwin	0
tr\1\1e	-1
pogger\1\1	1
superevanw	1
lel	1
bdeo2	1
luvelylaugh	1
cooksuxt1	-1
shroudup	-1
modge	0
i9-9900k	0
foolishwallshark	0
shivfpshypers	0
moon2b	0
peepoflower	0
rtdthermite	0
la\1\1	0
qtclove	1
hamzd	0
nerdl	0
fu	-1
riley	0
donkypls	0
peepod	0
baj	0
cbrahdan	0
painsge	0
hol	0
totem	0
idiota	-1
stable5pogchamp	1
ashloluwu	1
pentawlove	1
stable5clixface	0
cx	0
nyannpat	0
swegwagon	0
chilledlobster	0
yee\1\1	1
lesg\1\1	-1
timthetatman	0
fs	0
craz\1\1	0
ludwiggamer	0
mitchbhype	1
ashlolheart	1
backtofreezer	-1
rengar	0
green_apple	1
ph1lfail	0
r6	0
cliffeblind	1
TwitchVotes	1
PRChase	0
ricegumdemon	0
face_with_rolling_eyes	-1
toonysalute	1
rayckekw	0
luckyc22luckysubhype	1
sodapop	0
ddr4	0
nmplol	1
kromiarave	1
novade1love	1
tobiasdance	1
PraiseIt	1
trieasy	1
gauntlet	0
loeya	0
bigextbd2tbd	0
waving_hand	1
yessi\1\1	1
bchillzc4	0
teepsubhype	1
zbtvt	0
abduldab	0
imkaichuh	0
hel\1\1	0
jukeyz	0
wiseguy	0
elnosabe	0
mizkifc	0
ggk	1
tubbofuming	0
imperialhalrage	0
tobiascreep	0
aux	0
tomm\1\1	0
cat_face_with_tears_of_joy	1
valk	0
ratge	0
dl	0
tubbotos	0
kojisrheart	1
pogey	0
ich	0
zbtvr	0
sidemen	0
mutexhype	0
d4	0
ryuchamp	0
pepepls	0
strea\1\1	0
foxiihype	1
geckw	0
tyler1s	0
ludwigdoc	0
stfclacsb	0
chilledimposter	0
quackykitty	0
weebsout	0
nickmalena	0
varus	0
alienpls2	1
obs	0
sofitufreakfam	1
i9	0
nmpo	0
camera_with_flash	0
opsqtheart	0
stable5suss	0
conerologan	0
losfistbump	1
</3	-1
savebeesbigw	1
hasanhypersmash	0
byron	0
ga\1\1	0
x2twins	0
sykangr	0
hamlinz	0
fir\1\1	0
peepohug	1
tjbirdhypers	1
nickmercsdemon	1
tyler1nlt	1
chelsea	0
bigexdt	0
ChefFrank	0
pepemods	0
pepegehmm	0
s4	0
omegaroll	1
ph1lhe	0
gya\1\1	1
drooling_face	-1
quackytriste	-1
xc	0
rtdchamp	0
nickmercsgift	0
nickmercsds	0
pve	0
sypherpk	0
ou\1\1	0
gnfcry	0
swegcontent	0
abdulgimmie	0
he\1\1\1\1	0
ph1lfishing	0
ludwigwow	0
mor\1\1	0
xqclewd_tk	0
peeposprint	0
jfoxt	0
nerdge	0
wya	0
ponklove	1
mkotech	0
ludwigpants	1
dviperdead	0
chatpls	0
sweetdr190	1
hikoomen	0
losclb	0
lyndihype	1
ricegumthicc	1
whipmeta	0
DendiFace	0
tatblanket	0
quackyinclsuive	0
huskgg	0
zany_face	1
pensive_face	-1
jsepog	0
peepofinger	1
shutthefuckupweebs	-1
siz	0
ratirlriot	1
xntepl	0
yvonne	0
bu	0
pogoff	-1
pentawbeef	0
incel	-1
kkop	0
ph1lokthen	0
clixdemon	0
fundyheart_hf	0
ammoleo	0
DBstyle	0
spoonkidbeanos1	0
foolishpogshark	0
omegalu	0
mp7	0
xqctos	0
janixcigar	0
tyler1c	0
squadcl	0
freyzhype	0
teepgold100	0
spongebob	1
vcb	0
lyspoint	0
ct	0
=)	1
badboy31muffin	0
karthus	0
punzop1	0
ha\1\1	1
keznitkru	0
kevinc26insidedifete	0
/80	0
seqkek	0
imkaice	0
natettesv	0
haskkona	0
hamzsus	0
grinning_face_with_smiling_eyes	1
sjokz	0
hypewho	0
leav\1\1	-1
yolo	0
jamespog	0
yyjmods	0
jseoh	0
pepejammer	-1
tubbosargecri	0
forsenrp	0
zrkrip	0
xqccarried	0
loeyads	0
teegri1madasf	0
kek\1\1	0
s'il	0
peepopat	1
moon2wut	0
FBRun	0
xqcl_fc	0
inglés	0
vadifun	1
co1azosubhype	1
toonykekw	1
ratirlbusiness	0
xqcflushed	0
geforce	0
huskerrs's	0
una	0
mikyx	0
corsair	0
tyler1h3	0
rameelaugh	1
ranboopogchamp	1
losjr	0
bigexstare	0
sntkek	0
moon2smerg	0
drea\1\1	0
capp	0
zamgasm	1
her\1\1	0
bo4	0
thbsalbw	0
bingyay	1
hamzomegalul	1
zrkcmon	1
uhngiga	0
dh	0
ye\1\1h	1
griphtsen	0
foolishblob	0
face_with_steam_from_nose	0
nickmercsvictory	1
d3	0
tubbojammies	1
dududududu	1
zrkgunfinger	1
zemielove	1
asmonmald	0
stmarcorave	0
ludwigblanket	0
lb	0
ggez	1
zemiehype	1
anitahey	0
origins	0
matto	0
alireza	0
wht	0
sasuke	0
hasscoot	0
janix4k	0
destroysubhype	-1
jselul	0
daphyikes	0
valheim	0
quackyquackydream1	0
j'arrive	1
tubbonice	0
loscap	0
pokiwaiting	0
yyjf	0
bazzsad	-1
nyannblush	1
naghandsup	0
ludwigc	0
myth7	0
haskapp	0
qiyana	0
nickmercsod	0
zbtvl	0
bdeocozy	0
hle	0
adi\1\1	0
nickmercscountry	0
gsr	0
jizcuhlul	0
hades	0
cj	0
nem	0
mitr0	0
mizkifsat	0
nymnlive	0
peepee	-1
aimlab	0
masapls	0
shees\1\1	-1
tyler1sleeper	0
druid	0
connor6buy	0
pa\1\1	0
v2	0
baus	0
edg	0
hahasweat	0
ana	0
edt	0
mizkifsad	-1
xqcskull	0
ppoversneeg	0
ricegumstreets	0
awesam1o7	1
monkamega	0
kyleishype	1
nickmercssteve	1
yyjhype	1
kkona	0
lotta	0
hyperclap2	0
tfblade	0
fundypop	0
lumiturave	0
futa	0
ThunBeast	0
sykpet	0
dee	0
tyler1h4	0
f\1\1ck	-1
gll	0
ligma	0
yyjbelievers	1
snd	0
bbl	0
español	0
xqcdrip	0
puffyf	1
ibabyrsub	1
exploding_head	0
adorewiggle	1
cmo\1\1	-1
ufc	0
inv	0
swegcap	0
mod\1\1	-1
smartge	0
appak	0
dadz\1\1	-1
cuh	0
oc	0
sf	0
kongfueesv	0
kreygasm	1
peeponotes	0
lando	0
punzobee	0
cuffemedpdap	0
waifu	1
buh	0
mungus	0
cbrahlove	1
inb4	0
xrayjklove	1
foolis8happy	1
wolfapog	1
copixel	0
tyler1b	0
manifoldpog	1
laraclap	1
goa\1\1	-1
krippkek	1
sogtetra	0
veilul	0
kojisrraid	0
nyannhyper	1
oemgalul	1
oo\1\1	0
ppcircle	0
naed	0
tubboblove	1
philly	0
nickmercss	1
ottodemon	0
quackyeugh	0
tat	0
PrimeMe	0
punzoteddy	0
as\1\1	-1
xayah	0
tehfunrunhaha	1
valkyrae	1
ashlolsmug	1
mrfrespickle	0
foxdrop	0
ale	0
mang0	1
veiyes	1
bfv	0
aciehype	1
siema	0
omegaro\1\1	1
galio	0
dududu	0
teep100	0
ph1lwut	0
f8	0
hecarim	0
keke	1
cbt	0
tjay	0
ricegumgang	0
yoinked	0
moon2ez	0
hikocarry	0
ne\1\1unkies	-1
daltoosickomode	1
feelsrareman	1
peepoawesome	1
luka	0
swegfaze	1
wolfacute	0
tyler1unless	-1
lyshack	0
pkm	0
lospack	0
cooksuxt2	-1
ludwigpeepawsad	-1
sumkomrade	0
fw	0
rubius	0
tyler1champ	1
j\1\1	-1
ludwigyikes	-1
stockfox	0
lickl	0
hamzfake	-1
foolishnice	1
nmpjammies	0
pofflove	1
RitzMitz	1
c\1\1l	-1
armu\1\1	-1
mk3	0
nyanners	1
ludwig3	0
RedCoat	0
upsbooty	0
neffhyperjam	1
prideheartl	1
kendinetr	0
roguoiler	0
huskpog	0
opp	0
gwa	0
losw	0
amongx	0
connerlw	0
ranboolmaoo	0
lupo	1
pokel	0
vadikus	0
quackycaprisun	0
dontai	0
hyperx	0
the8bitgo	1
izipriwhitetee	0
partying_face	1
mi\1\1	0
shivfpschamp	0
tv2	0
toonyhype	1
pepesenora	0
cuffemmuah	0
szn	0
zemiehypers	0
kaceyfist	0
l\1\1	0
ammolul	0
dankhackermans	0
nymnshuffle	0
pokijam	0
gambacoin	0
pepegareading	0
toonydz	0
gnfclap	0
bu\1\1	-1
d\1\1d	-1
ph1lshe	0
gdbooyadrunk	-1
ssg	0
sweetdrnrg	1
Awwdible	1
anarchy	-1
britt	0
caedrel	0
rq	0
pokipop	1
dankg	1
wolfarose	0
babayep	0
nickmercsclip	0
teep's	0
ashlolhide	0
nyannhypers	1
mer	0
phreak	0
lyssip	0
be\1\1iesv	0
opsqtvibe	0
asl	0
pogojam	1
pokblastoise	0
janixouw\1\1	0
adz	0
ammomj	0
theringer	0
kpoptt	0
kooldoge	1
losrage	-1
quackythump	1
ybnblubricked	-1
sweetdrhype	1
pokiaww	1
esfandtv	1
sweghuh	1
sca\1\1	-1
tetris	0
roguchamp	1
RuleFive	0
ph1lamaze	1
loeyakekw	-1
cg5	0
g\1\1\1\1	0
wutface	0
quackyjrf	0
bdeo4weird	0
r1	0
vietnamesemanwavinghisgun	0
rl	0
localsub	0
nyannjam	1
;(	-1
viggy	0
hastasty	1
codemiko	0
rookie	0
ph1l\1\1	0
sh\1\1\1\1\1\1	-1
kno	0
youd	0
ammopoggers	0
nmpz	0
pokipeepo	1
buddhaw	1
hiko's	0
shotz	0
snowflake_selector	1
fund\1\1	-1
zayt	0
frfr	0
ure	0
fundypog_hf	1
symfyikes	-1
moon2jr	0
cl_crosshairstyle	0
pewdiepie	1
monkawcbsteer	0
mizkifs	1
neffbloodgod	0
wsg	0
;l	-1
veinodders	0
ranboomshoot	0
pepegya	0
wecoo	0
omegadancebutfast	1
djfranzenhypeplane	1
ricegumpuff	0
tbd	0
pepepainsiguess	-1
gnfpopcorn	1
xqccd	0
Xd	1
CX	0
pokmaskedpika	0
cm	0
neffcool	0
ziggyjhype	0
ratirlgamble	0
losmood	0
kodak	0
buddhalb	0
bahahahah	1
ludwigwc	0
gnfpog2	0
wos	0
pepotwerk	0
prim\1\1	0
sallyipolishcow	0
yakuza	0
liriklul	0
jfoxomg	0
kaynmawrp	0
peepoweird	0
quackywtfquackity	0
ph1lend3	0
yyjsuperpog	1
tubbopls	1
dsal	0
forsenjam	1
teegri1joyrd	0
xqcomega_hf	0
pl	0
rez	0
nok	-1
lyst2	0
boy\1\1	-1
curvyenom	1
stockthumbsup	1
dund\1\1	-1
a\1\1e	-1
benjyfishy	1
blobdj	0
bpm	0
djshor1ily	0
neffmarco	0
kekwdisco	0
ricegumdevil	-1
mumz\1\1	0
nickmercsgulag	0
kivajammies	0
guy\1\1	0
feelsayayaman	1
soothorrid	-1
rtugal	0
feelsbadman	-1
ws	0
buddhalh	0
imperialpoggers	1
losgotem	0
kreo	0
longantiweebmessageweebsgtfo	-1
adinfiredewd	0
ratirlscam	-1
ludwiggun	0
lyssadge	0
asleepyomegalul	1
sur\1\1	-1
widepeepopussy	-1
nyyxxilve	-1
sho\1\1	-1
igor	0
buddharh	0
pi	0
roguheart	0
spoonkidbingusface	0
s2	0
ragew	-1
ludwigsip	0
mmcsax	0
fusd	0
ranboolove_hf	0
tmmylmanberg	0
ph1lcoin	0
co1azogege	0
shotzcozy	0
welyn	0
ut	0
lani	0
haspog	0
ppc	0
swegnoshot	0
daltookekw	0
hh	0
kos	0
woozy_face	0
quackyokay	0
sadchampo	-1
shotzlove	1
adzb3	0
elisomega	0
clixbanger	0
kekwlaugh	1
xqchead_bw	0
cned	0
rtdtrooper	0
tacoexbro	0
eggynut	0
zrkmoney	0
cr	0
andtho'd	0
spbpg	0
dogface	0
peeposipspin	0
symfcode	0
frog_face	0
uhsnowblue	0
nokohype	0
ludwigpeepawhappy	1
8x	0
awesam1wholesam	1
istg	0
moon2pregario	1
f\1\1d	0
clix\1\1	0
adambombmood	1
itsirobrick	0
kun	0
mukbang	0
gamerbl	0
mma	0
wu	0
lololololol	1
pts	0
qu\1\1n	0
ph1lpog	0
ratirlmeditate	0
ye\1\1i\1\1	0
tubbowierdchamp	0
miling_face_with_3_hearts	1
ram7	0
ratirltip	1
w\1\1h\1\1	0
juju	1
ridah	1
shroud4head	0
fusnt	-1
syphersign	0
lillia	1
ashloldab	0
mizkifbat	1
shotzcg	0
buddhapog	0
pile_of_poo	-1
sootsmugs	-1
summit1g	1
haseslow	1
ru	0
shawty	1
davis	0
gachibassbutveryfast	1
lepo	0
tj	0
shofuhandrub	1
ironmousecry	-1
ouble_exclamation_mark_selector	0
hypemage	0
pepefastjam	0
forsengrill	0
sar	0
widepeepoblanket	0
ironmousejam	0
nerfs	-1
dopa	0
timbo	0
pokiclout	0
pu\1\1	-1
veisip	0
cring\1\1	-1
bdeopepehands	0
xo	1
silkyletsgo	1
ranboomstare	0
bugsnax	1
starege	0
swegboba	0
roflgatorcool	1
born2run	1
hastookthebait	0
omglurk	1
ssbk	0
lysjams	1
jgl	0
tfbscammer	-1
luckyc22turnmeup	1
ratirlkiss	1
cuffemburrito3083	0
tyler1bb	0
saevid	0
robcdee	0
cucks	-1
mrkl	0
bogalul	0
freddance	1
tyler1good	1
forsenrave	1
az	0
nat	0
pentawjanelove	1
sykjesus	1
kayle	0
xqcms	0
kyedaelove	1
buddhapink	1
ther	0
ricegumcamera	1
lng	0
tmmysad	-1
erickot	0
mjc	0
sol\1\1	-1
danglerhype	1
gogogo	1
jac\1\1	-1
julien14imshymeme	0
benjyfheart	1
ricegumrgsr	0
xqcspin	1
hisandherscry	1
omf\1\1	0
teegrizzley	0
wrime	0
bl	0
thatst7daddy	1
feinjamjam	1
feelsrageman	-1
cbrahautomatic	-1
gawkgawk	-1
greekw	0
pentawd	0
wonkywalk	0
bbysmeag	1
lyspie	0
poo\1\1	-1
ricegumgoons	1
mongalove	1
nickmercs20	0
nzxt	0
tmmymellohi	0
sp-r	0
3;	-1
blu\1\1	0
hash\1\1	-1
owncast_face_with_sweat	1
sanasnuggle	1
biotoxzl	0
st\1\1p	0
s04	0
annytflul	0
teepee	1
gordo	1
puke	-1
vntyv1	0
pod	0
ammoheman	1
dresinfuego	1
luvelyhug	1
sumwiener	0
rameehype	1
forsenwc	1
dsmp	0
oink	1
smajor	0
jizcuhclapped	1
tubboblanket	0
lov\1\1	1
soghydrate	1
naut	0
gorghaip	0
wardeltsm	0
r9	0
npcs	0
sul	0
jo-\1\1-oo-oo-oo	0
losdownbad	-1
rex	0
bousepie	0
sypherflex	0
strafe	0
sprunker	0
tmmyvibing	0
docl	0
nyannsniff	-1
lacdisco	1
ng	0
nickmercsrage	-1
trills1w	1
kink	0
dea\1\1	-1
gdbooyalove	1
benjyfpray	1
inno	1
ph1lwilba	0
raretyler	0
wipzrage	-1
ashlolbulbathump	1
tatnolinks	0
dandoggcrying	-1
co1azo	0
gnfvibing	1
schubertdance	1
ye\1\1ir	0
ppsh	-1
de\1\1	0
cl_crosshaircolor	0
pepecopter	0
pilbus	0
lilypichu	1
kkaper	0
pokiez	0
jfc	-1
cl_fixedcrosshairgap	0
ornn	0
ka\1\1	-1
kpopvictory	0
ug\1\1	-1
peeporage	0
wubbyflop	0
anto	0
pokic	0
cuffem4k	0
pokelawls	0
pugpls2	0
imniohype	0
pokilol	0
r99	0
xqclewd_hf	-1
patreon	0
imt	0
ironmousewtf	0
mehdihellyea	1
syd	0
petthehikaru	1
egirl	0
shamrock1	1
swegchalk	1
catza	0
rammus	0
ezclap	1
du\1\1	-1
chxrles5head	0
lm\1\1o	0
bruen	0
pokihmm	1
ezz	0
umbrella_with_rain_drops	0
xqchead_hf	0
tmmygun	0
zrkbye	0
foolishpride	0
clixgift	0
popoga	0
omegakekw	0
jsebell	0
XS	0
kbm	0
yk	0
nades	0
herman6horns1	0
remembered	0
lelw	0
foolis8sharkheart	1
gnfd	0
bh	0
bri	0
gambl\1\1	-1
kyleislaugh	0
si\1\1	-1
pas	0
djfranzenayy\1\1	1
roller_coaster	1
zentrebanana	0
odjjrheartball	1
euriecesaikyo	0
trai\1\1	-1
foolishpepefoolish	0
yrs	0
cracke\1\1	-1
cal	0
weirdga	0
mizkifstar	1
ranboomhug	1
dud\1\1	-1
hasez	0
ratirlbros	0
lysdip	0
stable5l	0
ricegumcatfish	0
tobiastri	0
spoonkidpogape	0
ff15	0
t10	0
mizkifw	0
raft	0
punzocry	0
moon2doit	0
oldza	0
gmt-05	0
nv	0
draineovibes	0
tailsstt	0
andtho	0
lyshmm	0
daequan	0
mizkifez	0
nwhlsix	0
sweetdrbehr	0
speedysmile6	0
jschlatt	0
janixnice	1
mvl	0
d\1\1de	0
frivhype	1
qtpdance	1
gmt-07	0
j4	0
mrfresillegal	0
swegsubhype	1
mehdiroar	0
monkadmca	0
gweek	0
tyler1k	0
awesam1evil	0
pogpog	1
djfranzenmaryjblige	0
b\1\1d	-1
mrexpo4k	0
pepelmao	0
PMSTwin	0
ye\1\1\1\1	1
petthenelson	0
gwisew	1
bfa	0
be\1\1	0
wubbysack	1
83	0
watericesaltayy	1
syktrash	-1
kristoferyee	0
youtooz	1
lyschamp	1
tubbobsad	-1
ensive_face	-1
kaceyspins	0
hypepotion	1
sp	0
mu	0
tathypers	1
cloakgg	1
eurieceelmo	0
snorlaxdumper	1
sumg	0
shivfpswut	0
smixelsocial	1
omeglaul	0
nicewigglasers	1
hyperlulwut	0
rameespit	0
haswoke	0
sogb	0
tf2	0
ricegumfreeze	0
bdd	0
ts	0
wilbu\1\1	0
lfsl	0
nmpdance	1
rtdgoosfraba	0
$x	0
repulldj	1
siruwu	0
bagofmemes	1
point\1\1	0
thoomin	0
toonystare	0
tmmystab	0
fawk	-1
et1231shake	0
psu	0
hikaru's	0
byy\1\1	0
pma	1
nickmercslock	1
lengyel	0
joewohype	1
adinsix	1
hikoxd	0
fundyfeelsgood	1
tarzjg	0
forsenlewd	-1
nc	0
sogshock	0
ph1lend2	0
buddhacry	0
adindancing	1
forsengapick	1
mero	0
cuffemssbontop	0
veisipping	0
nicki	0
ph1llunderscore	0
masayoshi	0
aniki	1
foolishenderball	-1
neffcheer	1
yyjpain	-1
monkagigaftrobertdowneyjr	0
manz	1
wubtf	0
kennen	1
